Pred,Pred_Probability,Credibility
1,0.9924800463300191,0.7631949331456721
